Top queries,Clicks,Impressions,CTR,Position
create a family portrait from individual photos,3,85,3.53%,5.07
ai family portrait from individual photos,3,50,6%,9.94
ai family photo generator,2,36,5.56%,20.22
how to make a family photo with separate photos,2,32,6.25%,4.62
create a portrait from multiple photos,2,10,20%,5.6
how to make family photo into individual photos,1,224,0.45%,10.42
ai family portrait,1,60,1.67%,33.22
create family photo with ai,1,16,6.25%,9.06
create a family photo with ai,1,13,7.69%,7.54
create a group photo from individual photos,1,12,8.33%,6.25
create a family portrait from individual photos online free,1,11,9.09%,5.18
ai family photo,1,11,9.09%,22
how to make family photo from different photos,1,10,10%,6.4
free family portrait creator,1,8,12.5%,11.38
create group photo from individual photos,1,7,14.29%,5.71
create family picture,1,5,20%,15.6
how to make family portrait using ai,1,4,25%,1
free ai family photo generator,1,4,25%,25.5
3 separate pictures that make one,1,3,33.33%,11.67
ai family picture generator,1,2,50%,14.5
ai create family photo,1,2,50%,15
ok that's it,1,1,100%,2
ai can do it,1,1,100%,3
create ai family portrait,1,1,100%,3
ai for family photos,1,1,100%,4
what website can i use,1,1,100%,4
best ai family photo generator free,1,1,100%,35
how to edit a family picture together,0,156,0%,9.46
idet family picture,0,61,0%,9.07
family portrait from individual photos free,0,52,0%,7.75
ai family portrait generator,0,41,0%,19.34
ai family portrait from individual photos online free,0,38,0%,8.66
family portrait from individual photos,0,33,0%,7.88
create family portrait from multiple photos,0,30,0%,8.23
how to create a family portrait with ai,0,24,0%,9.92
bringback ai,0,21,0%,1
family portrait ai,0,21,0%,21.57
gemini ai photo,0,20,0%,3.65
ai family photo black and white,0,20,0%,7.1
make a family photo with ai,0,20,0%,10.1
bring back ai,0,17,0%,1
how to make a group photo from individual photos,0,16,0%,7.88
convert this photo into real image as family frame standing together,0,13,0%,4
ai generated family portrait,0,13,0%,22.92
family photos ai,0,12,0%,14.92
how to create a family photo with different photos,0,11,0%,4.45
how to create a family portrait,0,11,0%,11
make a family portrait from individual photos,0,9,0%,5
ai photo family generator,0,9,0%,8.44
best ai family photo generator,0,9,0%,11.89
family photo ai,0,9,0%,13.11
merge photos of loved ones,0,9,0%,39.56
combine family,0,7,0%,8.29
create a family photo from individual photos,0,7,0%,9.86
how to create family picture using ai,0,6,0%,1
how to make family picture using ai,0,6,0%,4.67
how to make a family photo from individual photos,0,6,0%,5.17
family photo ai black and white,0,6,0%,6
ai family portrait app,0,6,0%,7.5
make family photo with ai,0,6,0%,8.5
family photo generator ai,0,6,0%,9
create family picture with ai,0,6,0%,9.67
ai black family photo,0,5,0%,7.4
create family portrait from multiple photos ai,0,5,0%,7.8
ai make a family photo,0,5,0%,8.2
make family photo ai,0,5,0%,8.6
how to edit family picture in one frame,0,5,0%,10.4
family pictures ai,0,5,0%,10.6
best ai model to make a composite person image from a series of photo inputs,0,5,0%,11.2
ai family photos,0,5,0%,13.8
ai family portrait generator free,0,5,0%,18.6
ai generated family photos,0,5,0%,19
best ai family portrait generator free,0,5,0%,20.6
how to combine multiple photos into one family portrait,0,4,0%,3.75
create family photo ai,0,4,0%,7.75
family photo from individual photos,0,4,0%,8.5
fake family photo,0,4,0%,9
make family picture ai,0,4,0%,9
ai family photo generator free,0,4,0%,9.75
ai generate family photo,0,4,0%,12
ai family picture,0,4,0%,20.75
how to create a family portrait using ai,0,3,0%,1
how to make a family picture using ai,0,3,0%,1
create a family portrait,0,3,0%,2
create a family picture,0,3,0%,7.33
create family photo with individual photos,0,3,0%,8.33
ai to create family photo,0,3,0%,9
how to create family photo ai,0,3,0%,9
ai photo family picture,0,3,0%,9.33
family portrait creator,0,3,0%,10.33
"where can i find stock photos of real-looking families instead of overly 
staged ones?",0,3,0%,10.67
create family photo from individual photos,0,3,0%,11.67
family photo generator,0,3,0%,12
family ai photo generator,0,3,0%,12.33
generate family photo ai,0,3,0%,14.33
create ai family photo,0,3,0%,14.67
family photo ai generator,0,3,0%,16
family photo maker,0,3,0%,16.33
family portrait app,0,3,0%,18.33
ai family generator,0,3,0%,19.67
foto keluarga ai,0,3,0%,28.33
family photo merge,0,3,0%,32.33
family portrait from photo,0,3,0%,32.67
bringback.pro ai family portrait review,0,2,0%,1
how to create family photo with ai,0,2,0%,1
how to make a family photo using ai,0,2,0%,1
how to make ai family photo,0,2,0%,1
how to make ai family picture,0,2,0%,1
realistic,0,2,0%,2.5
make a family photo from different photos,0,2,0%,5.5
generate family photo,0,2,0%,7.5
create family photos with ai,0,2,0%,8
family picture generator ai,0,2,0%,8
family photo in one frame,0,2,0%,8.5
ai photo generator family,0,2,0%,9
create a family photo,0,2,0%,9.5
family group photo ai,0,2,0%,9.5
family photo together,0,2,0%,9.5
create group photo individual photos,0,2,0%,11
i want to make a family photo,0,2,0%,11
make a family portrait,0,2,0%,11
ai generator family photo,0,2,0%,11.5
ai photo generator family photo,0,2,0%,11.5
make family photo,0,2,0%,11.5
ai generated family portraits,0,2,0%,12.5
create family photo,0,2,0%,14
family portrait generator,0,2,0%,14
site:bringback.pro,0,2,0%,14.5
family portrait ai generator,0,2,0%,18.5
family photo generator free,0,2,0%,19
ai family photo generator online free,0,2,0%,20
ai photo family,0,2,0%,20
best ai family portrait,0,2,0%,21
how to make family picture,0,2,0%,21.5
create a family picture with ai,0,2,0%,22
family portrait creator free,0,2,0%,22
family portrait maker,0,2,0%,27
family ai photo,0,2,0%,28
merge family photos,0,2,0%,35.5
family portrait from photos,0,2,0%,36
illustrated family portrait maker free,0,2,0%,43
create a family photo collage,0,2,0%,55.5
ai-generated family slideshow,0,2,0%,64.5
edit foto keluarga,0,2,0%,70
app that can create family picture,0,1,0%,1
can you make it real,0,1,0%,1
how can i make a family picture using ai,0,1,0%,1
how to create a family photo using ai,0,1,0%,1
how to create a family picture using ai,0,1,0%,1
how to make a family portrait using ai,0,1,0%,1
how to make a family portrait with ai,0,1,0%,1
how to make using ai,0,1,0%,1
make a family picture ai,0,1,0%,1
mau,0,1,0%,1
realmaker ai,0,1,0%,1
اه,0,1,0%,1
can you just do it for me,0,1,0%,2
family photo ai editor,0,1,0%,2
free,0,1,0%,2
only links,0,1,0%,2
si,0,1,0%,2
اه ماشي,0,1,0%,2
group photo generator,0,1,0%,3
how to make a family portrait with different pictures,0,1,0%,3
ai family photo generator app,0,1,0%,4
no me sirve,0,1,0%,4
chatgpt prompts to make a family photo,0,1,0%,5
family picture ai,0,1,0%,5
free family photo maker,0,1,0%,5
gemini family photo,0,1,0%,5
please give a prompt,0,1,0%,5
which is free,0,1,0%,5
fotonya ada,0,1,0%,6
ai prompt for family picture,0,1,0%,7
bring picture,0,1,0%,7
family photo ai free,0,1,0%,7
family photo create ai,0,1,0%,7
20 people,0,1,0%,8
ai photo manipulation family,0,1,0%,8
combine family photos,0,1,0%,8
family photo ai prompt,0,1,0%,8
family photo with ai,0,1,0%,8
make a family photo,0,1,0%,8
using ai,0,1,0%,8
ai family prompt,0,1,0%,9
ai family wallpaper,0,1,0%,9
family picture generator,0,1,0%,9
ai family images,0,1,0%,10
ai family photo maker,0,1,0%,10
ai family portrait from individual photos prompt,0,1,0%,10
ai image family photo,0,1,0%,10
ai make family photo,0,1,0%,10
ai photo editor family picture,0,1,0%,10
family photo frame ai,0,1,0%,10
family photo prompt,0,1,0%,10
family picture ai generator free,0,1,0%,10
how to create family portrait using ai,0,1,0%,10
make a family picture,0,1,0%,10
make ai family photo,0,1,0%,10
add person to family photo ai,0,1,0%,12
ai family portraits,0,1,0%,12
samples,0,1,0%,12
family photo making,0,1,0%,14
ai siblings photo,0,1,0%,15
ai generated family photo,0,1,0%,19
ai family portrait generators,0,1,0%,20
create group photo from individual photos ai,0,1,0%,20
foto keluarga ai 3 orang,0,1,0%,21
foto ai keluarga 4 orang,0,1,0%,23
ai family pictures,0,1,0%,25
free ai family portrait generator,0,1,0%,25
ai image generator family photo,0,1,0%,26
ai family pic,0,1,0%,27
family ai generator,0,1,0%,27
cara edit foto keluarga ai,0,1,0%,28
family pro ai,0,1,0%,28
edit foto keluarga ai,0,1,0%,30
online family portrait maker,0,1,0%,30
recreate family photos,0,1,0%,31
ai family maker,0,1,0%,33
create a group photo from individual photos online free,0,1,0%,35
family photo from,0,1,0%,37
personalized family portrait creator,0,1,0%,37
ai family,0,1,0%,50
family portrait editor,0,1,0%,50
custom family portrait from photo,0,1,0%,91